Node Name,Role,Primary Inputs,Primary Outputs,Internal Responsibilities,Expected Capabilities / Full Scope
dataset_ingest,"Universal audio dataset ingestion and normalization layer","filesystem paths, archives, URLs, cloud buckets, manifests, HF datasets","AudioSample batches + dataset metadata","scan sources, validate audio, decode formats, extract metadata, deduplicate, manifest generation, corruption detection, dataset indexing","filesystem ingest, S3/GCS ingest, HuggingFace ingest, zip/tar ingest, streaming ingest, metadata parsing, recursive scanning, integrity validation, duplicate detection, transcoding, automatic labeling, language detection, speaker metadata extraction, lazy loading, resumable ingest, ingestion caching"
stream_ingest,"Realtime streaming audio ingestion","microphone streams, RTP, RTSP, WebRTC, websocket streams","streaming AudioSample chunks","buffer management, timestamping, packet handling, stream decoding","microphone ingest, live websocket ingest, RTP/RTSP ingest, telephony ingest, rolling windows, chunk buffering, latency-aware ingest, stream synchronization, adaptive buffering"
audio_conditioner,"Unified frontend audio conditioning","AudioSample","conditioned AudioSample","resampling, normalization, silence trimming, mono conversion, dc removal, limiter, clipping protection","sample-rate conversion, loudness normalization, LUFS normalization, silence removal, clipping detection, channel conversion, anti-clipping limiter, preemphasis, dynamic range normalization, edge-safe conditioning"
audio_quality_gate,"Dataset quality validation and rejection layer","AudioSample","validated/rejected AudioSample + quality metadata","quality scoring, corruption detection, clipping detection, noise scoring","SNR estimation, clipping detection, silence detection, loudness validation, bandwidth validation, codec artifact detection, speech quality estimation, duplicate detection, rejection policies, dataset quality analytics"
speech_enhancer,"Speech cleanup and enhancement pipeline","AudioSample","enhanced AudioSample","denoise, dereverb, deecho, vocal isolation","RNNoise, DeepFilterNet, spectral subtraction, beamforming, dereverberation, vocal enhancement, telephony enhancement, low-bitrate enhancement, realtime enhancement"
speaker_separator,"Separate speakers or sources from mixed audio","mixed AudioSample","isolated speaker AudioSample streams","source separation, diarization preparation","speaker separation, music/vocal separation, multi-source separation, diarization preprocessing, overlap speech separation, beamforming integration"
segmenter,"Semantic audio segmentation system","AudioSample","segmented AudioSample chunks + timestamps","windowing, VAD segmentation, overlap chunking","fixed windows, sliding windows, VAD segmentation, silence segmentation, speaker turn segmentation, event segmentation, overlap management, realtime chunking"
audio_annotator,"Attach semantic labels and annotations to audio","AudioSample","annotated AudioSample","metadata enrichment, labeling, annotation management","manual annotation, automatic annotation, weak labeling, taxonomy assignment, multilingual labeling, event tagging, confidence labeling, metadata propagation"
alignment_node,"Temporal alignment engine","audio + transcripts/labels","aligned timestamps and alignment metadata","forced alignment, token timing estimation","phoneme alignment, word alignment, subtitle alignment, transcript synchronization, multilingual alignment, CTC alignment, MFA integration"
feature_frontend,"Unified feature extraction frontend","AudioSample","FeatureArray","windowing, FFT, mel processing, MFCC generation","log-mel, MFCC, spectrograms, chroma, SSL frontend compatibility, normalization, framing, feature standardization, edge-optimized features"
embedding_generator,"Generate semantic embeddings from audio","AudioSample or FeatureArray","Embedding vectors","run pretrained embedding models","wav2vec embeddings, HuBERT embeddings, CLAP embeddings, OpenL3, YAMNet embeddings, speaker embeddings, semantic retrieval embeddings, clustering embeddings"
augmentation_pipeline,"Unified augmentation orchestration","AudioSample","augmented AudioSample","apply probabilistic augmentations","noise injection, codec degradation, clipping, EQ, reverberation, room simulation, pitch shift, time stretch, speed perturbation, packet loss simulation, microphone simulation"
environment_simulator,"Simulate physical acoustic environments","AudioSample","environment-simulated AudioSample","room impulse simulation, acoustic modeling","room acoustics, car acoustics, office acoustics, outdoor acoustics, reverberation modeling, microphone placement simulation, spatial simulation"
dataset_builder,"Convert features into ML-ready datasets","FeatureArray + labels","DatasetArtifact","assemble tensors, batching, split preparation","numpy dataset generation, TensorFlow datasets, PyTorch datasets, train/val/test packaging, metadata preservation, class indexing"
dataset_balancer,"Balance dataset distributions","DatasetArtifact","balanced DatasetArtifact","oversampling, undersampling, weighting","class balancing, speaker balancing, duration balancing, minority oversampling, weighted sampling, synthetic balancing"
dataset_versioner,"Dataset lineage and reproducibility manager","DatasetArtifact","versioned DatasetArtifact","version tracking, lineage metadata","dataset hashing, reproducibility metadata, manifest versioning, diffing, lineage tracking, immutable dataset snapshots"
trainer,"Unified model training orchestration","DatasetArtifact + ModelArtifact","trained ModelArtifact","training loops, checkpointing, metrics","Keras training, PyTorch training, mixed precision, distributed training, checkpointing, tensorboard logging, early stopping, hyperparameter scheduling"
experiment_tracker,"Track experiments and metrics","training metadata + metrics","ExperimentArtifact","experiment logging and lineage","metrics logging, parameter tracking, artifact tracking, reproducibility, leaderboard generation, experiment comparison, MLflow/W&B style integrations"
evaluator,"Evaluate trained models","ModelArtifact + DatasetArtifact","EvaluationResult","metric computation and benchmarking","accuracy, F1, ROC, confusion matrix, latency evaluation, robustness evaluation, edge benchmarking, fairness evaluation"
stream_processor,"Realtime stream orchestration engine","audio streams","processed streaming outputs","windowing, buffering, stream routing","rolling windows, overlap-add, realtime chunking, latency management, streaming graph execution"
realtime_inference,"Low-latency streaming inference runtime","streaming audio/features + model","PredictionResult stream","online inference scheduling","wake word inference, streaming ASR, event detection, speaker tracking, low-latency classification, online buffering, adaptive inference"
edge_optimizer,"Optimize models for edge deployment","ModelArtifact","optimized deployment model","quantization and graph optimization","TFLite optimization, ONNX optimization, pruning, operator fusion, int8 quantization, latency optimization, memory optimization"
deployment_packager,"Package deployable inference artifacts","optimized models + metadata","DeploymentPackage","deployment bundling","mobile packaging, MCU packaging, Docker packaging, edge deployment packaging, runtime configs, deployment manifests"
audio_event_detector,"Temporal acoustic event detection","AudioSample or streams","event predictions + timestamps","event localization and classification","gunshot detection, cough detection, baby cry detection, machinery detection, wildlife monitoring, anomaly detection"
audio_classifier,"General-purpose audio classification","AudioSample or FeatureArray","classification predictions","audio classification inference","speech commands, scene classification, emotion recognition, language identification, music tagging, environmental sound classification"
multimodal_fusion,"Fuse audio with other modalities","audio + text/video/sensor streams","multimodal representations/predictions","cross-modal fusion","audio-text fusion, AV fusion, sensor fusion, multimodal embeddings, multimodal transformers, agent pipelines"
speech_synthesizer,"Speech generation and TTS","text or semantic representations","generated speech AudioSample","speech synthesis","TTS, multilingual TTS, expressive speech, voice cloning, neural vocoders, low-latency synthesis"
audio_generator,"General audio content generation","prompts, conditions, embeddings","generated AudioSample","audio synthesis and generation","music generation, ambience generation, procedural audio, Foley generation, generative soundscapes, diffusion audio generation"
voice_converter,"Transform speaker identity or vocal style","AudioSample","converted AudioSample","voice transformation","voice conversion, accent conversion, timbre transfer, style transfer, gender conversion, age conversion, multilingual voice adaptation"